{"cameraMode":{"drawMode":0,"name":"Shaded","section":"Shading Mode"},"sceneLighting":true,"audioPlay":false,"sceneViewState":{"m_AlwaysRefresh":false,"showFog":true,"showSkybox":true,"showFlares":true,"showImageEffects":true,"showParticleSystems":true,"showVisualEffectGraphs":true,"m_FxEnabled":true},"in2DMode":false,"pivot":{"x":0.46613311767578127,"y":-0.3828110694885254,"z":0.019250869750976564},"rotation":{"x":-0.05876389890909195,"y":-0.020366553217172624,"z":0.0012006816687062383,"w":-0.9980681538581848},"size":21.506507873535158,"orthographic":false}