{"cameraMode":{"drawMode":0,"name":"Shaded","section":"Shading Mode"},"sceneLighting":true,"audioPlay":false,"sceneViewState":{"m_AlwaysRefresh":false,"showFog":true,"showSkybox":true,"showFlares":true,"showImageEffects":true,"showParticleSystems":true,"showVisualEffectGraphs":true,"m_FxEnabled":true},"in2DMode":false,"pivot":{"x":-11.092031478881836,"y":11.698186874389649,"z":-27.602676391601564},"rotation":{"x":-0.18248409032821656,"y":-0.11562704294919968,"z":0.021615678444504739,"w":-0.9761486053466797},"size":25.965816497802736,"orthographic":false}