{"cameraMode":{"drawMode":0,"name":"Shaded","section":"Shading Mode"},"sceneLighting":false,"audioPlay":false,"sceneViewState":{"m_AlwaysRefresh":false,"showFog":true,"showSkybox":false,"showFlares":true,"showImageEffects":true,"showParticleSystems":true,"showVisualEffectGraphs":true,"m_FxEnabled":true},"in2DMode":false,"pivot":{"x":-1.8399999141693116,"y":13.180000305175782,"z":-0.559999942779541},"rotation":{"x":-0.18376155197620393,"y":-0.0008872098987922072,"z":0.00017070391913875937,"w":-0.9829771518707275},"size":3.8798346519470217,"orthographic":false}