{"cameraMode":{"drawMode":0,"name":"Shaded","section":"Shading Mode"},"sceneLighting":true,"audioPlay":false,"sceneViewState":{"m_AlwaysRefresh":false,"showFog":true,"showSkybox":true,"showFlares":true,"showImageEffects":true,"showParticleSystems":true,"showVisualEffectGraphs":true,"m_FxEnabled":true},"in2DMode":false,"pivot":{"x":-4.864664077758789,"y":8.662583351135254,"z":3.6651625633239748},"rotation":{"x":0.21463137865066529,"y":0.0032265745103359224,"z":-0.0007463287911377847,"w":0.976715624332428},"size":19.711830139160158,"orthographic":true}